Department,Average_Salary,Highest_Salary,Lowest_Salary,Employee_Count,Average_Age,Average_Experience
AI,76666.66666666667,85000,65000,3,26.333333333333332,4.0
Finance,85000.0,100000,70000,2,28.5,6.0
HR,56500.0,58000,55000,2,24.5,2.5
IT,67333.33333333333,90000,50000,3,26.0,3.3333333333333335
